Crm Cd,Crm Cd Desc
648,ARSON
805,PIMPING
806,PANDERING
946,OTHER MISCELLANEOUS CRIME
330,BURGLARY FROM VEHICLE
210,ROBBERY
230,"ASSAULT WITH DEADLY WEAPON, AGGRAVATED ASSAULT"
440,THEFT PLAIN - PETTY ($950 & UNDER)
437,RESISTING ARREST
410,"BURGLARY FROM VEHICLE, ATTEMPTED"
624,BATTERY - SIMPLE ASSAULT
761,BRANDISH WEAPON
745,VANDALISM - MISDEAMEANOR ($399 OR UNDER)
331,THEFT FROM MOTOR VEHICLE - GRAND ($950.01 AND OVER)
753,DISCHARGE FIREARMS/SHOTS FIRED
740,"VANDALISM - FELONY ($400 & OVER, ALL CHURCH VANDALISMS)"
520,VEHICLE - ATTEMPT STOLEN
930,CRIMINAL THREATS - NO WEAPON DISPLAYED
890,FAILURE TO YIELD
236,INTIMATE PARTNER - AGGRAVATED ASSAULT
420,THEFT FROM MOTOR VEHICLE - PETTY ($950 & UNDER)
626,INTIMATE PARTNER - SIMPLE ASSAULT
341,"THEFT-GRAND ($950.01 & OVER)EXCPT,GUNS,FOWL,LIVESTK,PROD"
220,ATTEMPTED ROBBERY
480,BIKE - STOLEN
625,OTHER ASSAULT
121,"RAPE, FORCIBLE"
623,BATTERY POLICE (SIMPLE)
888,TRESPASSING
250,"SHOTS FIRED AT MOVING VEHICLE, TRAIN OR AIRCRAFT"
350,"THEFT, PERSON"
354,THEFT OF IDENTITY
442,SHOPLIFTING - PETTY THEFT ($950 & UNDER)
231,ASSAULT WITH DEADLY WEAPON ON POLICE OFFICER
956,"LETTERS, LEWD  -  TELEPHONE CALLS, LEWD"
900,VIOLATION OF COURT ORDER
951,"DEFRAUDING INNKEEPER/THEFT OF SERVICES, $950 & UNDER"
822,HUMAN TRAFFICKING - COMMERCIAL SEX ACTS
510,VEHICLE - STOLEN
122,"RAPE, ATTEMPTED"
237,CHILD NEGLECT (SEE 300 W.I.C.)
813,CHILD ANNOYING (17YRS & UNDER)
647,THROWING OBJECT AT MOVING VEHICLE
886,DISTURBING THE PEACE
910,KIDNAPPING
310,BURGLARY
850,INDECENT EXPOSURE
860,BATTERY WITH SEXUAL CONTACT
756,WEAPONS POSSESSION/BOMBING
433,DRIVING WITHOUT OWNER CONSENT (DWOC)
352,PICKPOCKET
441,THEFT PLAIN - ATTEMPT
901,VIOLATION OF RESTRAINING ORDER
820,ORAL COPULATION
821,SODOMY/SEXUAL CONTACT B/W PENIS OF ONE PERS TO ANUS OTH
434,FALSE IMPRISONMENT
421,THEFT FROM MOTOR VEHICLE - ATTEMPT
810,"SEX,UNLAWFUL(INC MUTUAL CONSENT, PENETRATION W/ FRGN OBJ"
627,CHILD ABUSE (PHYSICAL) - SIMPLE ASSAULT
920,KIDNAPPING - GRAND ATTEMPT
755,BOMB SCARE
662,"BUNCO, GRAND THEFT"
902,VIOLATION OF TEMPORARY RESTRAINING ORDER
110,CRIMINAL HOMICIDE
762,LEWD CONDUCT
320,"BURGLARY, ATTEMPTED"
351,PURSE SNATCHING
815,SEXUAL PENETRATION W/FOREIGN OBJECT
664,"BUNCO, PETTY THEFT"
235,CHILD ABUSE (PHYSICAL) - AGGRAVATED ASSAULT
763,STALKING
113,"MANSLAUGHTER, NEGLIGENT"
845,SEX OFFENDER REGISTRANT OUT OF COMPLIANCE
438,RECKLESS DRIVING
903,CONTEMPT OF COURT
949,ILLEGAL DUMPING
649,DOCUMENT FORGERY / STOLEN FELONY
436,LYNCHING - ATTEMPTED
812,CRM AGNST CHLD (13 OR UNDER) (14-15 & SUSP 10 YRS OLDER)
933,PROWLER
940,EXTORTION
251,SHOTS FIRED AT INHABITED DWELLING
922,CHILD STEALING
450,THEFT FROM PERSON - ATTEMPT
451,PURSE SNATCHING - ATTEMPT
921,HUMAN TRAFFICKING - INVOLUNTARY SERVITUDE
522,"VEHICLE, STOLEN - OTHER (MOTORIZED SCOOTERS, BIKES, ETC)"
950,"DEFRAUDING INNKEEPER/THEFT OF SERVICES, OVER $950.01"
943,CRUELTY TO ANIMALS
666,"BUNCO, ATTEMPT"
622,BATTERY ON A FIREFIGHTER
439,FALSE POLICE REPORT
654,"CREDIT CARDS, FRAUD USE ($950 & UNDER"
760,LEWD/LASCIVIOUS ACTS WITH CHILD
954,CONTRIBUTING
343,SHOPLIFTING-GRAND THEFT ($950.01 & OVER)
435,LYNCHING
668,"EMBEZZLEMENT, GRAND THEFT ($950.01 & OVER)"
928,THREATENING PHONE CALLS/LETTERS
944,CONSPIRACY
932,PEEPING TOM
865,"DRUGS, TO A MINOR"
353,DRUNK ROLL
670,"EMBEZZLEMENT, PETTY THEFT ($950 & UNDER)"
661,UNAUTHORIZED COMPUTER ACCESS
931,"REPLICA FIREARMS(SALE,DISPLAY,MANUFACTURE OR DISTRIBUTE)"
653,"CREDIT CARDS, FRAUD USE ($950.01 & OVER)"
660,COUNTERFEIT
884,FAILURE TO DISPERSE
471,TILL TAP - PETTY ($950 & UNDER)
904,FIREARMS EMERGENCY PROTECTIVE ORDER (FIREARMS EPO)
948,BIGAMY
870,CHILD ABANDONMENT
652,DOCUMENT WORTHLESS ($200 & UNDER)
485,BIKE - ATTEMPTED STOLEN
840,"BEASTIALITY, CRIME AGAINST NATURE SEXUAL ASSLT WITH ANIM"
882,INCITING A RIOT
470,TILL TAP - GRAND THEFT ($950.01 & OVER)
942,BRIBERY
906,FIREARMS RESTRAINING ORDER (FIREARMS RO)
814,CHILD PORNOGRAPHY
452,"PICKPOCKET, ATTEMPT"
349,GRAND THEFT / AUTO REPAIR
444,DISHONEST EMPLOYEE - PETTY THEFT
443,SHOPLIFTING - ATTEMPT
347,GRAND THEFT / INSURANCE FRAUD
475,"THEFT, COIN MACHINE - ATTEMPT"
