Premis Cd,Premis Desc
101,STREET
103,ALLEY
102,SIDEWALK
119,"PORCH, RESIDENTIAL"
501,SINGLE FAMILY DWELLING
301,GAS STATION
801,MTA BUS
124,BUS STOP
122,"VEHICLE, PASSENGER/TRUCK"
108,PARKING LOT
116,OTHER/OUTSIDE
109,PARK/PLAYGROUND
707,GARAGE/CARPORT
203,OTHER BUSINESS
251,RECYCLING CENTER
114,TAXI
507,CONDOMINIUM/TOWNHOUSE
404,DEPARTMENT STORE
511,PROJECT/TENEMENT/PUBLIC HOUSING
158,TRANSIENT ENCAMPMENT
152,UNDERPASS/BRIDGE*
502,"MULTI-UNIT DWELLING (APARTMENT, DUPLEX, ETC)"
906,MTA - RED LINE - VERMONT/BEVERLY
210,RESTAURANT/FAST FOOD
106,TUNNEL
710,OTHER PREMISE
730,SYNAGOGUE/TEMPLE
504,OTHER RESIDENCE
802,MUNICIPAL BUS LINE INCLUDES LADOT/DASH
402,MARKET
503,HOTEL
401,MINI-MART
121,YARD (RESIDENTIAL/BUSINESS)
243,"DIY CENTER (LOWE'S,HOME DEPOT,OSH,CONTRACTORS WAREHOUSE)"
219,CLEANER/LAUNDROMAT
403,DRUG STORE
754,MUSEUM
509,MOBILE HOME/TRAILERS/CONSTRUCTION TRAILERS/RV'S/MOTORHOME
505,MOTEL
110,FREEWAY
903,MTA - RED LINE - 7TH AND METRO CENTER
118,CONSTRUCTION SITE
902,MTA - RED LINE - PERSHING SQUARE
140,BALCONY*
506,ABANDONED BUILDING ABANDONED HOUSE
510,NURSING/CONVALESCENT/RETIREMENT HOME
123,PARKING UNDERGROUND/BUILDING
725,"GOVERNMENT FACILITY (FEDERAL,STATE, COUNTY & CITY)"
406,OTHER STORE
602,BANK
904,MTA - RED LINE - WESTLAKE/MACARTHUR PARK
217,AUTO REPAIR SHOP
154,TRAIN TRACKS
104,DRIVEWAY
971,MTA - GOLD LINE - HIGHLAND PARK
834,LA UNION STATION (NOT LINE SPECIFIC)
145,MAIL BOX
207,BAR/COCKTAIL/NIGHTCLUB
708,CHURCH/CHAPEL (CHANGED 03-03 FROM CHURCH/TEMPLE)
735,NIGHT CLUB (OPEN EVENINGS ONLY)
727,SHOPPING MALL (COMMON AREA)
408,AUTO SUPPLY STORE*
709,PUBLIC RESTROOM(INDOORS-INSIDE)
940,MTA - EXPO LINE - 7TH AND METRO CENTER
605,AUTOMATED TELLER MACHINE (ATM)
222,LAUNDROMAT
202,LIQUOR STORE
213,WAREHOUSE
721,HIGH SCHOOL
242,"DISCOUNT STORE (99 CENT,DOLLAR,ETC."
111,BUS-CHARTER/PRIVATE
149,RIVER BED*
719,MEDICAL/DENTAL OFFICES
247,CAR WASH
252,"COFFEE SHOP (STARBUCKS, COFFEE BEAN, PEET'S, ETC.)"
907,MTA - RED LINE - VERMONT/SANTA MONICA
895,MTA - SILVER LINE - HARBOR FWY
809,METROLINK TRAIN
757,BASKETBALL COURTS
947,MTA - EXPO LINE - EXPO/CRENSHAW
519,SHORT-TERM VACATION RENTAL
908,MTA - RED LINE - VERMONT/SUNSET
722,COLLEGE/JUNIOR COLLEGE/UNIVERSITY
107,VACANT LOT
147,POOL-PUBLIC/OUTDOOR OR INDOOR*
142,DRIVE THRU*
128,BUS STOP/LAYOVER (ALSO QUERY 124)
156,VALET
909,MTA - RED LINE - HOLLYWOOD/WESTERN
934,MTA - BLUE LINE - SAN PEDRO
804,GREYHOUND OR INTERSTATE BUS
937,MTA - BLUE LINE - 103RD/WATTS TOWERS
702,OFFICE BUILDING/OFFICE
208,AUTO SALES LOT
720,JUNIOR HIGH SCHOOL
935,MTA - BLUE LINE - WASHINGTON
254,STUDIO (FILM/PHOTOGRAPHIC/MUSIC)
732,POST OFFICE
945,MTA - EXPO LINE - EXPO/VERMONT
704,ELEMENTARY SCHOOL
117,BEACH
872,MTA - ORANGE LINE - VAN NUYS
120,STORAGE SHED
514,GROUP HOME
231,DAY CARE/CHILDREN*
962,MTA - GOLD LINE - SOTO
835,7TH AND METRO CENTER (NOT LINE SPECIFIC)
148,PUBLIC RESTROOM/OUTSIDE*
146,PATIO*
135,MTA PROPERTY OR PARKING LOT
212,TRANSPORTATION FACILITY (AIRPORT)
151,TOW YARD*
931,MTA - BLUE LINE - 7TH AND METRO CENTER
738,LIBRARY
238,TELECOMMUNICATION FACILITY/LOCATION
221,PUBLIC STORAGE
877,MTA - ORANGE LINE - TAMPA
157,"VEHICLE STORAGE LOT (CARS, TRUCKS, RV'S, BOATS, TRAILERS, ETC.)"
897,MTA - SILVER LINE - HARBOR GATEWAY TRANSIT CTR
963,MTA - GOLD LINE - MARIACHI PLAZA
953,MTA - EXPO LINE - EXPO/SEPULVEDA
911,MTA - RED LINE - HOLLYWOOD/HIGHLAND
717,HEALTH SPA/GYM
875,MTA - ORANGE LINE - BALBOA
910,MTA - RED LINE - HOLLYWOOD/VINE
705,SLIPS/DOCK/MARINA/BOAT
517,MISSIONS/SHELTERS
874,MTA - ORANGE LINE - WOODLEY
218,BEAUTY/BARBER SHOP
718,MASSAGE PARLOR
968,MTA - GOLD LINE - LINCOLN/CYPRESS
701,HOSPITAL
248,CELL PHONE STORE
211,PAWN SHOP
871,MTA - ORANGE LINE - WOODMAN
413,FURNITURE STORE
216,SWAP MEET
952,MTA - EXPO LINE - WESTWOOD/RANCHO PARK
967,MTA - GOLD LINE - CHINATOWN
750,CYBERSPACE
206,TV/RADIO/APPLIANCE
728,ELEVATOR
891,MTA - SILVER LINE - DOWNTOWN STREET STOPS
810,AMTRAK TRAIN
733,BAR/SPORTS BAR (OPEN DAY & NIGHT)
205,GUN/SPORTING GOODS
405,CLOTHING STORE
744,HIGH-RISE BUILDING
703,ENTERTAINMENT/COMEDY CLUB (OTHER)
144,GOLF COURSE*
112,"BUS, SCHOOL, CHURCH"
876,MTA - ORANGE LINE - RESEDA
726,POLICE FACILITY
239,MEDICAL MARIJUANA FACILITIES/BUSINESSES
729,SPECIALTY SCHOOL/OTHER
954,MTA - EXPO LINE - EXPO/BUNDY
512,FOSTER HOME BOYS OR GIRLS*
410,"MEMBERSHIP STORE (COSTCO,SAMS CLUB)*"
966,MTA - GOLD LINE - UNION STATION
949,MTA - EXPO LINE - EXPO/LA BREA
155,DAM/RESERVOIR
873,MTA - ORANGE LINE - SEPULVEDA
209,EQUIPMENT RENTAL
964,MTA - GOLD LINE - PICO/ALISO
745,WATER FACILITY
225,RECORD-CD MUSIC/COMPUTER GAME STORE
215,"TRAIN DEPOT/TERMINAL, OTHER THAN MTA"
970,MTA - GOLD LINE - SOUTHWEST MUSEUM
235,PHARMACY INSIDE STORE OR SUPERMARKET*
214,"BUS DEPOT/TERMINAL, OTHER THAN MTA"
942,MTA - EXPO LINE - LATTC/ORTHO INSTITUTE
898,MTA - SILVER LINE - PACIFIC COAST HWY
409,BEAUTY SUPPLY STORE
870,MTA - ORANGE LINE - VALLEY COLLEGE
882,MTA - ORANGE LINE - SHERMAN WAY
736,SKATEBOARD FACILITY/SKATEBOARD PARK*
868,MTA - ORANGE LINE - NORTH HOLLYWOOD
127,TRASH CAN/TRASH DUMPSTER
913,MTA - RED LINE - NORTH HOLLYWOOD
921,MTA - PURPLE LINE - WILSHIRE/NORMANDIE
912,MTA - RED LINE - UNIVERSAL CITY/STUDIO CITY
115,AIRCRAFT
515,APARTMENT/CONDO COMMON LAUNDRY ROOM
920,MTA - PURPLE LINE - WILSHIRE/VERMONT
951,MTA - EXPO LINE - PALMS
758,HANDBALL COURTS
113,"TRUCK, COMMERICAL"
253,MORTUARY
956,MTA - GREEN LINE - AVALON
232,"DELIVERY SERVICE (FED EX, UPS, COURIERS,COURIER SERVICE)*"
751,WEBSITE
922,MTA - PURPLE LINE - WILSHIRE/WESTERN
141,CEMETARY*
957,MTA - GREEN LINE - HARBOR FWY
518,TRANSITIONAL HOUSING/HALFWAY HOUSE
603,CREDIT UNION
752,FIRE STATION
716,THEATRE/MOVIE
756,MUSCLE BEACH
125,PAY PHONE
905,MTA - RED LINE - WILSHIRE/VERMONT
896,MTA - SILVER LINE - ROSECRANS
936,MTA - BLUE LINE - VERNON
958,MTA - GREEN LINE - AVIATION/LAX
811,"OTHER RR TRAIN (UNION PAC, SANTE FE ETC"
233,TATTOO PARLOR*
933,MTA - BLUE LINE - GRAND/LATTC
869,MTA - ORANGE LINE - LAUREL CANYON
884,MTA - ORANGE LINE - NORDHOFF
944,MTA - EXPO LINE - EXPO PARK/USC
880,MTA - ORANGE LINE - CANOGA
412,"ELECTRONICS STORE (IE:RADIO SHACK, ETC.)"
250,COMPUTER SERVICES/REPAIRS/SALES
607,BANKING INSIDE MARKET-STORE *
883,MTA - ORANGE LINE - ROSCOE
129,"TERMINAL, OTHER THAN MTA"
138,STAIRWELL*
753,DETENTION/JAIL FACILITY
407,HARDWARE/BUILDING SUPPLY
249,NURSERY/FLOWER SHOP
723,PRIVATE SCHOOL/PRESCHOOL
879,MTA - ORANGE LINE - DE SOTO
255,"AUTO DEALERSHIP (CHEVY, FORD, BMW, MERCEDES, ETC.)"
969,MTA - GOLD LINE - HERITAGE SQ
878,MTA - ORANGE LINE - PIERCE COLLEGE
713,CONVENTION CENTER
137,TRAM/STREETCAR(BOXLIKE WAG ON RAILS)*
919,MTA - PURPLE LINE - WESTLAKE/MACARTHUR PARK
714,DODGER STADIUM
236,VISION CARE FACILITY*
201,JEWELRY STORE
604,FINANCE COMPANY
411,PET STORE
932,MTA - BLUE LINE - PICO
302,FACTORY
803,RETIRED (DUPLICATE) DO NOT USE THIS CODE
892,MTA - SILVER LINE - 37TH ST/USC
741,STAPLES CENTER *
889,MTA - SILVER LINE - LAC/USC MEDICAL CENTER
136,"OTHER INTERSTATE, CHARTER BUS"
950,MTA - EXPO LINE - LA CIENEGA/JEFFERSON
516,SINGLE RESIDENCE OCCUPANCY (SRO'S) LOCATIONS
739,SPORTS ARENA
220,NAIL SALON
204,MANUFACTURING COMPANY
303,OIL REFINERY
805,RETIRED (DUPLICATE) DO NOT USE THIS CODE
105,PEDESTRIAN OVERCROSSING
245,CATERING/ICE CREAM TRUCK
901,MTA - RED LINE - CIVIC CENTER/GRAND PARK
224,SURPLUS SURVIVAL STORE
711,"ARCADE,GAME ROOM/VIDEO GAMES (EXAMPLE CHUCKIE CHEESE)*"
415,THE GROVE
508,FRAT HOUSE/SORORITY/DORMITORY
900,MTA - RED LINE - UNION STATION
737,SKATING RINK*
943,MTA - EXPO LINE - JEFFERSON/USC
416,THE BEVERLY CENTER
712,COLISEUM
916,MTA - PURPLE LINE - CIVIC CENTER/GRAND PARK
948,MTA - EXPO LINE - FARMDALE
417,THE BEVERLY CONNECTION
893,MTA - SILVER LINE - SLAUSON
734,HOCKEY RINK/ICE HOCKEY
740,OTHER PLACE OF WORSHIP
139,AMUSEMENT PARK*
304,GARMENT MANUFACTURER
414,BOOK STORE
742,"SPORTS VENUE, OTHER"
244,TOBACCO SHOP
941,MTA - EXPO LINE - PICO
230,DAY CARE/ADULTS*
946,MTA - EXPO LINE - EXPO/WESTERN
246,METHADONE CLINIC
724,TRADE SCHOOL (MEDICAL-TECHNICAL-BUSINESS)*
241,ENERGY PLANT/FACILITY
229,CHECK CASHING*
915,MTA - PURPLE LINE - UNION STATION
126,"TRAIN, OTHER THAN MTA (ALSO QUERY 809/810/811)"
748,CULTURAL SIGNIFICANCE/MONUMENT
965,MTA - GOLD LINE - LITTLE TOKYO/ARTS DISTRICT
836,HARBOR FRWY STATION (NOT LINE SPECIFIC)
885,MTA - ORANGE LINE - CHATSWORTH
706,SEX ORIENTED/BOOK STORE/STRIP CLUB/GENTLEMAN'S CLUB
918,MTA - PURPLE LINE - 7TH AND METRO CENTER
894,MTA - SILVER LINE - MANCHESTER
150,TOOL SHED*
228,BOWLING ALLEY*
746,SEWAGE FACILITY/PIPE
606,DRIVE THRU BANKING (WINDOW)*
