Premis Cd,Premis Desc
101.0,STREET
103.0,ALLEY
102.0,SIDEWALK
119.0,"PORCH, RESIDENTIAL"
501.0,SINGLE FAMILY DWELLING
301.0,GAS STATION
801.0,MTA BUS
124.0,BUS STOP
122.0,"VEHICLE, PASSENGER/TRUCK"
108.0,PARKING LOT
116.0,OTHER/OUTSIDE
109.0,PARK/PLAYGROUND
707.0,GARAGE/CARPORT
203.0,OTHER BUSINESS
251.0,RECYCLING CENTER
114.0,TAXI
507.0,CONDOMINIUM/TOWNHOUSE
404.0,DEPARTMENT STORE
511.0,PROJECT/TENEMENT/PUBLIC HOUSING
158.0,TRANSIENT ENCAMPMENT
152.0,UNDERPASS/BRIDGE*
502.0,"MULTI-UNIT DWELLING (APARTMENT, DUPLEX, ETC)"
906.0,MTA - RED LINE - VERMONT/BEVERLY
210.0,RESTAURANT/FAST FOOD
106.0,TUNNEL
710.0,OTHER PREMISE
730.0,SYNAGOGUE/TEMPLE
504.0,OTHER RESIDENCE
802.0,MUNICIPAL BUS LINE INCLUDES LADOT/DASH
402.0,MARKET
503.0,HOTEL
401.0,MINI-MART
121.0,YARD (RESIDENTIAL/BUSINESS)
243.0,"DIY CENTER (LOWE'S,HOME DEPOT,OSH,CONTRACTORS WAREHOUSE)"
219.0,CLEANER/LAUNDROMAT
403.0,DRUG STORE
754.0,MUSEUM
509.0,MOBILE HOME/TRAILERS/CONSTRUCTION TRAILERS/RV'S/MOTORHOME
505.0,MOTEL
110.0,FREEWAY
903.0,MTA - RED LINE - 7TH AND METRO CENTER
118.0,CONSTRUCTION SITE
902.0,MTA - RED LINE - PERSHING SQUARE
140.0,BALCONY*
506.0,ABANDONED BUILDING ABANDONED HOUSE
510.0,NURSING/CONVALESCENT/RETIREMENT HOME
123.0,PARKING UNDERGROUND/BUILDING
725.0,"GOVERNMENT FACILITY (FEDERAL,STATE, COUNTY & CITY)"
406.0,OTHER STORE
602.0,BANK
904.0,MTA - RED LINE - WESTLAKE/MACARTHUR PARK
217.0,AUTO REPAIR SHOP
154.0,TRAIN TRACKS
104.0,DRIVEWAY
971.0,MTA - GOLD LINE - HIGHLAND PARK
834.0,LA UNION STATION (NOT LINE SPECIFIC)
145.0,MAIL BOX
207.0,BAR/COCKTAIL/NIGHTCLUB
708.0,CHURCH/CHAPEL (CHANGED 03-03 FROM CHURCH/TEMPLE)
735.0,NIGHT CLUB (OPEN EVENINGS ONLY)
727.0,SHOPPING MALL (COMMON AREA)
408.0,AUTO SUPPLY STORE*
709.0,PUBLIC RESTROOM(INDOORS-INSIDE)
940.0,MTA - EXPO LINE - 7TH AND METRO CENTER
605.0,AUTOMATED TELLER MACHINE (ATM)
222.0,LAUNDROMAT
202.0,LIQUOR STORE
213.0,WAREHOUSE
721.0,HIGH SCHOOL
242.0,"DISCOUNT STORE (99 CENT,DOLLAR,ETC."
111.0,BUS-CHARTER/PRIVATE
149.0,RIVER BED*
719.0,MEDICAL/DENTAL OFFICES
247.0,CAR WASH
252.0,"COFFEE SHOP (STARBUCKS, COFFEE BEAN, PEET'S, ETC.)"
907.0,MTA - RED LINE - VERMONT/SANTA MONICA
895.0,MTA - SILVER LINE - HARBOR FWY
809.0,METROLINK TRAIN
757.0,BASKETBALL COURTS
947.0,MTA - EXPO LINE - EXPO/CRENSHAW
519.0,SHORT-TERM VACATION RENTAL
908.0,MTA - RED LINE - VERMONT/SUNSET
722.0,COLLEGE/JUNIOR COLLEGE/UNIVERSITY
107.0,VACANT LOT
147.0,POOL-PUBLIC/OUTDOOR OR INDOOR*
142.0,DRIVE THRU*
128.0,BUS STOP/LAYOVER (ALSO QUERY 124)
156.0,VALET
909.0,MTA - RED LINE - HOLLYWOOD/WESTERN
934.0,MTA - BLUE LINE - SAN PEDRO
804.0,GREYHOUND OR INTERSTATE BUS
937.0,MTA - BLUE LINE - 103RD/WATTS TOWERS
702.0,OFFICE BUILDING/OFFICE
208.0,AUTO SALES LOT
720.0,JUNIOR HIGH SCHOOL
935.0,MTA - BLUE LINE - WASHINGTON
254.0,STUDIO (FILM/PHOTOGRAPHIC/MUSIC)
732.0,POST OFFICE
945.0,MTA - EXPO LINE - EXPO/VERMONT
704.0,ELEMENTARY SCHOOL
117.0,BEACH
872.0,MTA - ORANGE LINE - VAN NUYS
120.0,STORAGE SHED
514.0,GROUP HOME
231.0,DAY CARE/CHILDREN*
962.0,MTA - GOLD LINE - SOTO
835.0,7TH AND METRO CENTER (NOT LINE SPECIFIC)
148.0,PUBLIC RESTROOM/OUTSIDE*
146.0,PATIO*
135.0,MTA PROPERTY OR PARKING LOT
212.0,TRANSPORTATION FACILITY (AIRPORT)
151.0,TOW YARD*
931.0,MTA - BLUE LINE - 7TH AND METRO CENTER
738.0,LIBRARY
238.0,TELECOMMUNICATION FACILITY/LOCATION
221.0,PUBLIC STORAGE
877.0,MTA - ORANGE LINE - TAMPA
157.0,"VEHICLE STORAGE LOT (CARS, TRUCKS, RV'S, BOATS, TRAILERS, ETC.)"
897.0,MTA - SILVER LINE - HARBOR GATEWAY TRANSIT CTR
963.0,MTA - GOLD LINE - MARIACHI PLAZA
953.0,MTA - EXPO LINE - EXPO/SEPULVEDA
911.0,MTA - RED LINE - HOLLYWOOD/HIGHLAND
717.0,HEALTH SPA/GYM
875.0,MTA - ORANGE LINE - BALBOA
910.0,MTA - RED LINE - HOLLYWOOD/VINE
705.0,SLIPS/DOCK/MARINA/BOAT
517.0,MISSIONS/SHELTERS
874.0,MTA - ORANGE LINE - WOODLEY
218.0,BEAUTY/BARBER SHOP
718.0,MASSAGE PARLOR
968.0,MTA - GOLD LINE - LINCOLN/CYPRESS
701.0,HOSPITAL
248.0,CELL PHONE STORE
211.0,PAWN SHOP
871.0,MTA - ORANGE LINE - WOODMAN
413.0,FURNITURE STORE
216.0,SWAP MEET
952.0,MTA - EXPO LINE - WESTWOOD/RANCHO PARK
967.0,MTA - GOLD LINE - CHINATOWN
750.0,CYBERSPACE
206.0,TV/RADIO/APPLIANCE
728.0,ELEVATOR
891.0,MTA - SILVER LINE - DOWNTOWN STREET STOPS
810.0,AMTRAK TRAIN
733.0,BAR/SPORTS BAR (OPEN DAY & NIGHT)
205.0,GUN/SPORTING GOODS
405.0,CLOTHING STORE
744.0,HIGH-RISE BUILDING
703.0,ENTERTAINMENT/COMEDY CLUB (OTHER)
144.0,GOLF COURSE*
112.0,"BUS, SCHOOL, CHURCH"
876.0,MTA - ORANGE LINE - RESEDA
726.0,POLICE FACILITY
239.0,MEDICAL MARIJUANA FACILITIES/BUSINESSES
729.0,SPECIALTY SCHOOL/OTHER
954.0,MTA - EXPO LINE - EXPO/BUNDY
512.0,FOSTER HOME BOYS OR GIRLS*
410.0,"MEMBERSHIP STORE (COSTCO,SAMS CLUB)*"
966.0,MTA - GOLD LINE - UNION STATION
949.0,MTA - EXPO LINE - EXPO/LA BREA
155.0,DAM/RESERVOIR
873.0,MTA - ORANGE LINE - SEPULVEDA
209.0,EQUIPMENT RENTAL
964.0,MTA - GOLD LINE - PICO/ALISO
745.0,WATER FACILITY
225.0,RECORD-CD MUSIC/COMPUTER GAME STORE
215.0,"TRAIN DEPOT/TERMINAL, OTHER THAN MTA"
970.0,MTA - GOLD LINE - SOUTHWEST MUSEUM
235.0,PHARMACY INSIDE STORE OR SUPERMARKET*
214.0,"BUS DEPOT/TERMINAL, OTHER THAN MTA"
942.0,MTA - EXPO LINE - LATTC/ORTHO INSTITUTE
898.0,MTA - SILVER LINE - PACIFIC COAST HWY
409.0,BEAUTY SUPPLY STORE
870.0,MTA - ORANGE LINE - VALLEY COLLEGE
882.0,MTA - ORANGE LINE - SHERMAN WAY
736.0,SKATEBOARD FACILITY/SKATEBOARD PARK*
868.0,MTA - ORANGE LINE - NORTH HOLLYWOOD
127.0,TRASH CAN/TRASH DUMPSTER
913.0,MTA - RED LINE - NORTH HOLLYWOOD
921.0,MTA - PURPLE LINE - WILSHIRE/NORMANDIE
912.0,MTA - RED LINE - UNIVERSAL CITY/STUDIO CITY
115.0,AIRCRAFT
515.0,APARTMENT/CONDO COMMON LAUNDRY ROOM
920.0,MTA - PURPLE LINE - WILSHIRE/VERMONT
951.0,MTA - EXPO LINE - PALMS
758.0,HANDBALL COURTS
113.0,"TRUCK, COMMERICAL"
253.0,MORTUARY
956.0,MTA - GREEN LINE - AVALON
232.0,"DELIVERY SERVICE (FED EX, UPS, COURIERS,COURIER SERVICE)*"
751.0,WEBSITE
922.0,MTA - PURPLE LINE - WILSHIRE/WESTERN
141.0,CEMETARY*
957.0,MTA - GREEN LINE - HARBOR FWY
518.0,TRANSITIONAL HOUSING/HALFWAY HOUSE
603.0,CREDIT UNION
752.0,FIRE STATION
716.0,THEATRE/MOVIE
756.0,MUSCLE BEACH
125.0,PAY PHONE
905.0,MTA - RED LINE - WILSHIRE/VERMONT
896.0,MTA - SILVER LINE - ROSECRANS
936.0,MTA - BLUE LINE - VERNON
958.0,MTA - GREEN LINE - AVIATION/LAX
811.0,"OTHER RR TRAIN (UNION PAC, SANTE FE ETC"
233.0,TATTOO PARLOR*
933.0,MTA - BLUE LINE - GRAND/LATTC
869.0,MTA - ORANGE LINE - LAUREL CANYON
884.0,MTA - ORANGE LINE - NORDHOFF
944.0,MTA - EXPO LINE - EXPO PARK/USC
880.0,MTA - ORANGE LINE - CANOGA
412.0,"ELECTRONICS STORE (IE:RADIO SHACK, ETC.)"
250.0,COMPUTER SERVICES/REPAIRS/SALES
607.0,BANKING INSIDE MARKET-STORE *
883.0,MTA - ORANGE LINE - ROSCOE
129.0,"TERMINAL, OTHER THAN MTA"
138.0,STAIRWELL*
753.0,DETENTION/JAIL FACILITY
407.0,HARDWARE/BUILDING SUPPLY
249.0,NURSERY/FLOWER SHOP
723.0,PRIVATE SCHOOL/PRESCHOOL
879.0,MTA - ORANGE LINE - DE SOTO
255.0,"AUTO DEALERSHIP (CHEVY, FORD, BMW, MERCEDES, ETC.)"
969.0,MTA - GOLD LINE - HERITAGE SQ
878.0,MTA - ORANGE LINE - PIERCE COLLEGE
713.0,CONVENTION CENTER
137.0,TRAM/STREETCAR(BOXLIKE WAG ON RAILS)*
919.0,MTA - PURPLE LINE - WESTLAKE/MACARTHUR PARK
714.0,DODGER STADIUM
236.0,VISION CARE FACILITY*
201.0,JEWELRY STORE
604.0,FINANCE COMPANY
411.0,PET STORE
932.0,MTA - BLUE LINE - PICO
302.0,FACTORY
803.0,RETIRED (DUPLICATE) DO NOT USE THIS CODE
892.0,MTA - SILVER LINE - 37TH ST/USC
741.0,STAPLES CENTER *
889.0,MTA - SILVER LINE - LAC/USC MEDICAL CENTER
136.0,"OTHER INTERSTATE, CHARTER BUS"
950.0,MTA - EXPO LINE - LA CIENEGA/JEFFERSON
516.0,SINGLE RESIDENCE OCCUPANCY (SRO'S) LOCATIONS
739.0,SPORTS ARENA
220.0,NAIL SALON
204.0,MANUFACTURING COMPANY
303.0,OIL REFINERY
805.0,RETIRED (DUPLICATE) DO NOT USE THIS CODE
105.0,PEDESTRIAN OVERCROSSING
245.0,CATERING/ICE CREAM TRUCK
901.0,MTA - RED LINE - CIVIC CENTER/GRAND PARK
224.0,SURPLUS SURVIVAL STORE
711.0,"ARCADE,GAME ROOM/VIDEO GAMES (EXAMPLE CHUCKIE CHEESE)*"
415.0,THE GROVE
508.0,FRAT HOUSE/SORORITY/DORMITORY
900.0,MTA - RED LINE - UNION STATION
737.0,SKATING RINK*
943.0,MTA - EXPO LINE - JEFFERSON/USC
416.0,THE BEVERLY CENTER
712.0,COLISEUM
916.0,MTA - PURPLE LINE - CIVIC CENTER/GRAND PARK
948.0,MTA - EXPO LINE - FARMDALE
417.0,THE BEVERLY CONNECTION
893.0,MTA - SILVER LINE - SLAUSON
734.0,HOCKEY RINK/ICE HOCKEY
740.0,OTHER PLACE OF WORSHIP
139.0,AMUSEMENT PARK*
304.0,GARMENT MANUFACTURER
414.0,BOOK STORE
742.0,"SPORTS VENUE, OTHER"
244.0,TOBACCO SHOP
941.0,MTA - EXPO LINE - PICO
230.0,DAY CARE/ADULTS*
946.0,MTA - EXPO LINE - EXPO/WESTERN
246.0,METHADONE CLINIC
724.0,TRADE SCHOOL (MEDICAL-TECHNICAL-BUSINESS)*
241.0,ENERGY PLANT/FACILITY
229.0,CHECK CASHING*
915.0,MTA - PURPLE LINE - UNION STATION
126.0,"TRAIN, OTHER THAN MTA (ALSO QUERY 809/810/811)"
748.0,CULTURAL SIGNIFICANCE/MONUMENT
965.0,MTA - GOLD LINE - LITTLE TOKYO/ARTS DISTRICT
836.0,HARBOR FRWY STATION (NOT LINE SPECIFIC)
885.0,MTA - ORANGE LINE - CHATSWORTH
706.0,SEX ORIENTED/BOOK STORE/STRIP CLUB/GENTLEMAN'S CLUB
918.0,MTA - PURPLE LINE - 7TH AND METRO CENTER
894.0,MTA - SILVER LINE - MANCHESTER
150.0,TOOL SHED*
228.0,BOWLING ALLEY*
746.0,SEWAGE FACILITY/PIPE
606.0,DRIVE THRU BANKING (WINDOW)*
